{
    "robot": {
        "width": 0.6604,
        "length": 0.6604,
        "height": 0.33
    },
    "field": {
        "width": 8.21055,
        "length": 15.98295
    }
}